{
  "accuracy": [
    0.50475,
    0.5858,
    0.67035,
    0.7225,
    0.75405,
    0.77845,
    0.7999,
    0.81895,
    0.8401,
    0.8564,
    0.8721,
    0.8916,
    0.9089,
    0.92395,
    0.9391,
    0.95135,
    0.96095,
    0.9761,
    0.97845,
    0.9799,
    0.98505,
    0.99225,
    0.97925,
    0.9877,
    0.99175,
    0.99095,
    0.9966,
    0.9839,
    0.99335,
    0.98635
  ],
  "val_accuracy": [
    0.5,
    0.6282,
    0.6718,
    0.7184,
    0.7464,
    0.7494,
    0.7702,
    0.7786,
    0.7802,
    0.7776,
    0.7738,
    0.7838,
    0.7826,
    0.7534,
    0.7812,
    0.7562,
    0.7782,
    0.7708,
    0.767,
    0.763,
    0.7616,
    0.771,
    0.7672,
    0.7758,
    0.7734,
    0.7666,
    0.7628,
    0.771,
    0.765,
    0.767
  ],
  "loss": [
    0.6929153057098388,
    0.667293900680542,
    0.6025442978858948,
    0.5501159507751465,
    0.504878133392334,
    0.464420396900177,
    0.4299112958908081,
    0.3968458284139633,
    0.3624053802013397,
    0.3300675666809082,
    0.29356694993972776,
    0.26005925209522246,
    0.21963780357837678,
    0.18805738668441774,
    0.154709164583683,
    0.12551531434059143,
    0.10234403229057788,
    0.06719933297336102,
    0.05940095062553882,
    0.05455569328069687,
    0.04135031771212816,
    0.025718352119624616,
    0.060222062274068594,
    0.032833590000122787,
    0.025507197115197777,
    0.027495118030905725,
    0.012132650748640299,
    0.04424717072658241,
    0.021418058788590134,
    0.03700029253773391
  ],
  "val_loss": [
    0.6930746633529663,
    0.6480780368804931,
    0.6101203350067139,
    0.5517478586196899,
    0.510813657951355,
    0.5123196134090423,
    0.4809075933456421,
    0.46041053218841554,
    0.4722503021240234,
    0.49547210764884947,
    0.512023221206665,
    0.5103784357070923,
    0.5342198989868164,
    0.6799979803085328,
    0.6475626102447509,
    0.8645069240570068,
    0.8190649740219116,
    1.0111812067985535,
    1.07981728515625,
    1.1412398157119752,
    1.3016541440486908,
    1.3641382514953613,
    1.1657771907806396,
    1.31010636177063,
    1.4643052686274052,
    1.4361431781768799,
    1.6325087324142455,
    1.4854593867063521,
    1.6107113368988037,
    1.6435334698677062
  ]
}