{
  "accuracy": [
    0.5531777778095669,
    0.7343333333651225,
    0.8057333333015442,
    0.8516888888994852,
    0.8865777777989705,
    0.916844444433848,
    0.9443111110899184,
    0.9598000000105964,
    0.9687555555343628,
    0.9719555555237664,
    0.9801555556085375,
    0.9794000000423855,
    0.9809111111111111,
    0.9873333333333333,
    0.9837333333227369,
    0.983977777756585,
    0.9876666666348776,
    0.9861111111111112,
    0.9872222222010295,
    0.9908222222010294,
    0.991977777756585,
    0.9862222222116258,
    0.9911333333121406,
    0.991,
    0.9925555555555555,
    0.9904888888782926,
    0.9905555555555555,
    0.9922888888888889,
    0.9944888888888889,
    0.9919777777671814,
    0.9921111110899183,
    0.9914222222010295,
    0.9920888888888889,
    0.9946666666666667,
    0.9954444444444445,
    0.9956444444444444,
    0.9928444444338481,
    0.9933111110899183,
    0.9958888888782925,
    0.9964,
    0.9943999999894036,
    0.992333333322737,
    0.9950666666666667,
    0.9961333333333333,
    0.9968666666560703,
    0.995644444433848,
    0.9945555555555555,
    0.9936888888888888,
    0.9976222222222222,
    0.9976666666666667,
    0.9951555555449592,
    0.9945555555237664,
    0.9947333333333334,
    0.9969777777777777,
    0.9981555555555556,
    0.9968888888888889,
    0.9920444444338481,
    0.997733333322737,
    0.9962888888888889,
    0.9985333333333334,
    0.996777777756585,
    0.9931555555449592,
    0.9958666666666667,
    0.9986444444444444,
    0.9996222222222222,
    1.0,
    0.9999777777777777,
    1.0,
    1.0,
    1.0,
    1.0,
    1.0,
    1.0,
    1.0,
    1.0,
    1.0,
    1.0,
    1.0,
    1.0,
    1.0,
    1.0,
    1.0,
    1.0,
    1.0,
    1.0,
    0.9717111111005148,
    0.998,
    0.9999111111111111,
    1.0,
    1.0,
    1.0,
    1.0,
    1.0,
    1.0,
    1.0,
    1.0,
    1.0,
    1.0,
    1.0,
    1.0,
    1.0,
    1.0,
    1.0,
    1.0,
    1.0,
    1.0,
    1.0,
    1.0,
    1.0,
    1.0,
    0.9717555555555556,
    0.9982444444444445,
    0.9997333333333334,
    0.9999777777777777,
    0.9999777777777777
  ],
  "val_accuracy": [
    0.67,
    0.7096,
    0.77,
    0.7786,
    0.7964,
    0.8066,
    0.8112,
    0.793,
    0.8328,
    0.8242,
    0.7682,
    0.8096,
    0.8342,
    0.7946,
    0.8108,
    0.8194,
    0.8192,
    0.8156,
    0.8268,
    0.8348,
    0.8264,
    0.8346,
    0.8356,
    0.806,
    0.8414,
    0.8322,
    0.817,
    0.8376,
    0.8248,
    0.8324,
    0.8406,
    0.8392,
    0.8464,
    0.849,
    0.8386,
    0.8376,
    0.8338,
    0.8412,
    0.8388,
    0.841,
    0.8382,
    0.8378,
    0.842,
    0.8384,
    0.8534,
    0.8412,
    0.8312,
    0.8352,
    0.8432,
    0.8402,
    0.8458,
    0.8332,
    0.8524,
    0.8496,
    0.8438,
    0.8368,
    0.8376,
    0.8492,
    0.8362,
    0.853,
    0.8132,
    0.8414,
    0.8454,
    0.8516,
    0.8604,
    0.8668,
    0.8606,
    0.864,
    0.867,
    0.8656,
    0.8678,
    0.8666,
    0.8662,
    0.8658,
    0.8646,
    0.8666,
    0.8654,
    0.8668,
    0.8676,
    0.8668,
    0.8678,
    0.8678,
    0.867,
    0.8662,
    0.8678,
    0.8458,
    0.8566,
    0.86,
    0.8612,
    0.8604,
    0.8626,
    0.8636,
    0.8642,
    0.8622,
    0.8648,
    0.8632,
    0.863,
    0.8618,
    0.8646,
    0.864,
    0.8638,
    0.8658,
    0.8654,
    0.8654,
    0.8656,
    0.866,
    0.8664,
    0.8652,
    0.8652,
    0.8652,
    0.841,
    0.8584,
    0.8604,
    0.8646,
    0.8652
  ],
  "loss": [
    1.2319984371185302,
    0.7543716766251458,
    0.5551243704477946,
    0.42619379472732544,
    0.32244153336948816,
    0.23543005412419638,
    0.1615327088183827,
    0.1163958308007982,
    0.08995351625813378,
    0.07738592557642195,
    0.058990438038773005,
    0.05977153889867994,
    0.055422793926795326,
    0.03768489471475283,
    0.04597943590415848,
    0.04530681706402037,
    0.035700570117765,
    0.039296322933501666,
    0.03836843618684345,
    0.026664327430062824,
    0.02396278308166398,
    0.038557351057396994,
    0.026571294245123864,
    0.026527783188554976,
    0.022656847632759148,
    0.02775618210832278,
    0.027910913682646223,
    0.020973486279116736,
    0.016490990832365222,
    0.02376883268174198,
    0.022384372591641215,
    0.024782744629184405,
    0.024097202865282694,
    0.015857631856534216,
    0.013737411704162757,
    0.013218981034287976,
    0.021171041654960976,
    0.02160203819639153,
    0.011675039029576713,
    0.011194509258887006,
    0.017013164996231595,
    0.02235972544377049,
    0.015392552582795422,
    0.01155187231314679,
    0.009552524701402419,
    0.013672730167582631,
    0.017258844628516172,
    0.018328320967944133,
    0.00670756478914991,
    0.007430305465786821,
    0.014590336709583386,
    0.016695039945178562,
    0.016278565644224485,
    0.008393211139572991,
    0.005396580856417616,
    0.008488461409602315,
    0.02305556151502662,
    0.007210289875831869,
    0.011661637466421558,
    0.004740484040365037,
    0.009763960125255915,
    0.020724970977670617,
    0.01105660114178641,
    0.004697550060641435,
    0.0014959583399765607,
    0.00027757934017313854,
    0.00026971180161797546,
    9.112498771153493e-05,
    5.477346946588821e-05,
    3.903204163523494e-05,
    3.519390450059695e-05,
    2.421751976556455e-05,
    1.794357499327614e-05,
    1.838161657441459e-05,
    2.0601281533810026e-05,
    1.5281849164037136e-05,
    1.1898275994462892e-05,
    9.505161262899896e-06,
    7.86662668955008e-06,
    6.606998030070423e-06,
    6.702874660550151e-06,
    6.60900363004152e-06,
    4.874360877066566e-06,
    4.7228726299686566e-06,
    3.692881051877824e-06,
    0.10296293006785175,
    0.00680560610861414,
    0.0011023105428450638,
    0.00036620164389411606,
    0.00021132993201156044,
    0.00015297390811352265,
    0.00010885490060835663,
    8.415695812242726e-05,
    7.321346955787805e-05,
    5.871452497861658e-05,
    4.5118866681069546e-05,
    7.474762839394518e-05,
    5.238296498363424e-05,
    3.161598956325583e-05,
    2.427947401819337e-05,
    2.0602430332413255e-05,
    1.5811646099124724e-05,
    1.3167690284737749e-05,
    1.1240828383031637e-05,
    8.037986894083183e-06,
    7.409995280128593e-06,
    7.112500336370431e-06,
    1.1712243485837663e-05,
    5.437904055320865e-06,
    3.967286385563461e-06,
    0.09625419972784552,
    0.007043183494028118,
    0.0015500383494939241,
    0.0004706948007353478,
    0.00035570609888786243
  ],