{
  "accuracy": [
    0.5348869432263511,
    0.7204056751355447,
    0.7937818667334217,
    0.837619153339671,
    0.8787408558446588,
    0.910080913375841,
    0.9328308581407412,
    0.9544724009566073,
    0.9685213923110743,
    0.9766681446941379,
    0.97672356475195,
    0.9774440258734772,
    0.9828751942213452,
    0.9864220794408397,
    0.980270450235708,
    0.9845932167138209,
    0.9880015518680642,
    0.9875304812709552,
    0.9878075817185742,
    0.9881401021050867,
    0.9887497230317106,
    0.9889714033686647,
    0.9885003325205054,
    0.994541121927129,
    0.9891653737559918,
    0.989608734205276,
    0.9924074486839457,
    0.9940977612532208,
    0.988971403461157,
    0.990024385061689,
    0.9956772334293948,
    0.9952892930643491,
    0.988250942366056,
    0.9916038574889133,
    0.9945965417867435,
    0.9949844823764132,
    0.9940423411689823,
    0.9940700509864775,
    0.9927399692158032,
    0.9925182886277987,
    0.997700066504101,
    0.9982265575289911,
    0.9978940370499864,
    0.9857570384564037,
    0.9921857683469916,
    0.9984759476834405,
    0.9998337397472844,
    0.9995843493682111,
    0.9999722899578808,
    1.0,
    1.0,
    1.0,
    1.0,
    1.0,
    1.0,
    1.0,
    1.0,
    1.0,
    1.0,
    1.0,
    1.0,
    1.0,
    1.0,
    1.0,
    1.0,
    1.0,
    1.0,
    1.0,
    0.9622312127235749,
    0.9837896255848546,
    0.9981157171358901,
    0.9996951895366881,
    0.9999445799157615,
    0.9999722899578808,
    1.0,
    1.0,
    1.0,
    1.0,
    1.0,
    1.0,
    1.0,
    1.0,
    1.0,
    1.0,
    1.0,
    1.0,
    1.0,
    1.0,
    1.0,
    1.0,
    1.0,
    1.0,
    1.0,
    1.0,
    1.0,
    1.0,
    1.0,
    1.0,
    1.0,
    1.0,
    1.0,
    1.0,
    1.0,
    1.0,
    1.0,
    1.0,
    0.9540567503908842,
    0.9973121259144314,
    0.9996397694524496,
    1.0,
    1.0,
    1.0,
    1.0,
    1.0,
    1.0,
    1.0
  ],
  "val_accuracy": [
    0.5686,
    0.7136,
    0.7502,
    0.7456,
    0.7643,
    0.777,
    0.748,
    0.7915,
    0.7982,
    0.8032,
    0.7683,
    0.7903,
    0.7689,
    0.7914,
    0.8039,
    0.7996,
    0.7916,
    0.7897,
    0.7831,
    0.7838,
    0.7842,
    0.7983,
    0.7994,
    0.804,
    0.7889,
    0.8061,
    0.8053,
    0.8016,
    0.7784,
    0.8048,
    0.8091,
    0.7987,
    0.7894,
    0.8074,
    0.8122,
    0.7965,
    0.7835,
    0.7954,
    0.7931,
    0.8153,
    0.8235,
    0.8043,
    0.801,
    0.7795,
    0.8108,
    0.8219,
    0.8281,
    0.8237,
    0.8289,
    0.8315,
    0.8327,
    0.8333,
    0.8344,
    0.8315,
    0.836,
    0.8347,
    0.8349,
    0.8355,
    0.8362,
    0.8365,
    0.8374,
    0.8367,
    0.837,
    0.8381,
    0.8367,
    0.838,
    0.8388,
    0.8315,
    0.7854,
    0.8076,
    0.8206,
    0.8284,
    0.8272,
    0.8278,
    0.8287,
    0.8299,
    0.8297,
    0.8304,
    0.8313,
    0.8311,
    0.8318,
    0.8319,
    0.832,
    0.8321,
    0.8327,
    0.8305,
    0.8331,
    0.8332,
    0.8323,
    0.8327,
    0.8336,
    0.8317,
    0.8357,
    0.8339,
    0.8346,
    0.8334,
    0.8336,
    0.8323,
    0.8338,
    0.8323,
    0.8328,
    0.834,
    0.834,
    0.8331,
    0.8328,
    0.8313,
    0.8083,
    0.8246,
    0.8259,
    0.8295,
    0.8315,
    0.8312,
    0.8314,
    0.8314,
    0.8329,
    0.8335
  ],
  "loss": [
    1.3228775404213644,
    0.8387159424514153,
    0.6336303193165918,
    0.49480958280635234,
    0.3767528506980664,
    0.2750470221201191,
    0.19992349302919338,
    0.14155061000091382,
    0.09859934027199997,
    0.07173184636915055,
    0.06942009303006119,
    0.06846009581501535,
    0.05136308982320885,
    0.04112660749339524,
    0.05544092946499421,
    0.04601776764057767,
    0.03608376226329904,
    0.03620007898220002,
    0.036476038511560886,
    0.036440623840315066,
    0.03672122401566245,
    0.03389648679991541,
    0.036274770939959254,
    0.017117480687942416,
    0.03118342807715892,
    0.03241748869133363,
    0.023590403816878887,
    0.0168331079561791,
    0.03291688083188546,
    0.030632331688638353,
    0.012251945476798575,
    0.013851888769679308,
    0.035420033287127305,
    0.02444900282022959,
    0.01620374365617436,
    0.01425481772736108,
    0.017888948681298332,
    0.019457039931684576,
    0.021985587195293636,
    0.02135340008250126,
    0.008453040006716069,
    0.005721808727497222,
    0.006755785549064052,
    0.04308394867698909,
    0.023374188318518282,
    0.005673123794876004,
    0.000985170892560869,
    0.001807341360002079,
    0.0004548210939733616,
    0.0001545665048561418,
    0.0001033933231448315,
    7.799404949855045e-05,
    5.3573574626942326e-05,
    5.5515894925022725e-05,
    3.469321576156439e-05,
    3.097391617345033e-05,
    2.4657854278313784e-05,
    2.0480419101985023e-05,
    2.0500412854061275e-05,
    1.6673018347627028e-05,
    1.550832566089182e-05,
    1.609004788746236e-05,
    1.3545292887839539e-05,
    1.0786499084571854e-05,
    1.0197467433562803e-05,
    8.79330904133423e-06,
    8.047265650913928e-06,
    1.6526539351309254e-05,
    0.14080993260062996,
    0.04914910816328406,
    0.007416459254999349,
    0.002012772484820258,
    0.0008035024443239335,
    0.0003869453811968436,
    0.00021174010575572048,
    0.00015628632336225348,
    0.00013200015952297654,
    0.00010232273373815079,
    8.297587630960245e-05,
    6.984687561091691e-05,
    6.055941992111891e-05,
    0.00012086373338175765,
    5.56228267748246e-05,
    4.251828140518156e-05,
    3.37220694091818e-05,
    2.9581290622033417e-05,
    2.4502527865020066e-05,
    2.1715429959301626e-05,
    1.9056210857925977e-05,
    1.5133277573367886e-05,
    1.3926726824968977e-05,
    1.1553508642659056e-05,
    1.0532279517315847e-05,
    9.315070565832874e-06,
    6.944936455963424e-06,
    6.613576360863087e-06,
    7.220028431856776e-06,
    6.486661672215723e-06,
    4.690344800920624e-06,
    4.062089216133805e-06,
    3.319202120798597e-06,
    2.888248459956652e-06,
    2.7812288082802384e-06,
    2.3237922935105995e-06,
    2.2971460979333323e-06,
    2.4752826685900762e-06,
    0.1612886557220489,
    0.010274262398331069,
    0.0022365512506286067,
    0.000631975190854082,
    0.0003468265767455224,
    0.00019745901517971164,
    0.00016170219407390352,
    0.00011047708019173436,
    9.258570666306476e-05,
    8.513025120034642e-05
  ],