{
  "accuracy": [
    0.662,
    0.7298,
    0.7684,
    0.80495,
    0.832,
    0.8501,
    0.872,
    0.8898,
    0.90615,
    0.91795,
    0.9277,
    0.93065,
    0.9358,
    0.9376,
    0.94195,
    0.94755,
    0.95005,
    0.94785,
    0.9547,
    0.9565,
    0.95645,
    0.95925,
    0.96085,
    0.9617,
    0.9624,
    0.9653,
    0.96595,
    0.96675,
    0.9673,
    0.97085,
    0.9705,
    0.96945,
    0.97195,
    0.9722,
    0.97395,
    0.9755,
    0.97545,
    0.97615,
    0.97615,
    0.9789,
    0.97835,
    0.9795,
    0.98055,
    0.9812,
    0.98025,
    0.9825,
    0.98155,
    0.98405,
    0.9827,
    0.98305,
    0.9837,
    0.9854,
    0.98485,
    0.9847,
    0.9863
  ],
  "val_accuracy": [
    0.7152,
    0.7246,
    0.7884,
    0.8268,
    0.8394,
    0.8848,
    0.8674,
    0.902,
    0.9236,
    0.9024,
    0.929,
    0.9046,
    0.9222,
    0.932,
    0.935,
    0.9234,
    0.928,
    0.9448,
    0.9282,
    0.951,
    0.9388,
    0.9508,
    0.944,
    0.9518,
    0.9458,
    0.938,
    0.951,
    0.9528,
    0.9576,
    0.9568,
    0.9586,
    0.9572,
    0.9542,
    0.9578,
    0.958,
    0.952,
    0.9552,
    0.9608,
    0.9542,
    0.9626,
    0.957,
    0.961,
    0.9482,
    0.9614,
    0.9636,
    0.967,
    0.9636,
    0.9596,
    0.9632,
    0.962,
    0.9638,
    0.9642,
    0.9662,
    0.963,
    0.96
  ],
  "loss": [
    0.6192501689910889,
    0.5421711977958679,
    0.48760827207565305,
    0.4283482653617859,
    0.3758204092502594,
    0.33812110075950624,
    0.2936948180437088,
    0.2564905556678772,
    0.2256287263393402,
    0.19971577495336532,
    0.1786285661816597,
    0.1663218873500824,
    0.15587245556116103,
    0.15052420576810838,
    0.14005010194182396,
    0.1299650235772133,
    0.12345441175699234,
    0.1229217298090458,
    0.11416082973778248,
    0.1096627957522869,
    0.10571263016760349,
    0.10000082774460316,
    0.09795394420325756,
    0.09679627989530563,
    0.091980355656147,
    0.08449680633544922,
    0.08522556103765964,
    0.0824757942557335,
    0.07959594231545924,
    0.07350495169758797,
    0.07287036306709051,
    0.07335307608395815,
    0.06992985355556011,
    0.06991474578380585,
    0.06639446225911379,
    0.060335770843923095,
    0.06307152916938066,
    0.05909895281791687,
    0.05965536826550961,
    0.05384353728070855,
    0.05431344528645277,
    0.0516182970918715,
    0.04880353669524193,
    0.04951977712959051,
    0.04993080836981535,
    0.04411178200468421,
    0.04577162857949734,
    0.040462492506951095,
    0.04456664840020239,
    0.043748363329842686,
    0.040467301681637764,
    0.03930736808776855,
    0.03820680329762399,
    0.03696269106343389,
    0.03563703666292131
  ],
  "val_loss": [
    0.5672495053291321,
    0.5698133289337158,
    0.46347580604553223,
    0.3931062472581863,
    0.35350546283721923,
    0.2780950874328613,
    0.3074245682954788,
    0.22336029134988786,
    0.18334067633152007,
    0.22871351969242096,
    0.1718706498861313,
    0.23727431795597076,
    0.18977289816737175,
    0.16602077417373656,
    0.16733317975997924,
    0.18900485711097717,
    0.17321714928150178,
    0.13770812166929244,
    0.1917669422388077,
    0.11882210823297501,
    0.14550365672111512,
    0.12743982192277908,
    0.1381428196057677,
    0.11778230450153351,
    0.13411769714951516,
    0.1622350985109806,
    0.11795296885967255,
    0.12190915008634329,
    0.09814518222808838,
    0.10457937869429589,
    0.1112186535269022,
    0.1150075173436664,
    0.1191555381834507,
    0.10813497383594513,
    0.10296397151947022,
    0.12675770933032035,
    0.11867781435251236,
    0.10551148784905671,
    0.1187316665172577,
    0.10211691763214767,
    0.1254123137563467,
    0.1192211892992258,
    0.16673045734651387,
    0.10047112040817738,
    0.09992170704007149,
    0.089885746884346,
    0.0958819730758667,
    0.11878543751239777,
    0.10381908106207847,
    0.12138557179383934,
    0.11151779206087813,
    0.10661872308328747,
    0.10293660381920636,
    0.10987822972983122,
    0.11668786424398422
  ]
}