{
  "accuracy": [
    0.70185,
    0.7799,
    0.81725,
    0.84685,
    0.86485,
    0.87565,
    0.8871,
    0.89705,
    0.90365,
    0.9077,
    0.914,
    0.9188,
    0.9221,
    0.9241,
    0.9281,
    0.92925,
    0.9335,
    0.93775,
    0.93955,
    0.93955,
    0.94325,
    0.94395,
    0.94465,
    0.94465,
    0.9494,
    0.94965,
    0.95075,
    0.9533,
    0.9537,
    0.95655,
    0.9551,
    0.958,
    0.95945,
    0.9585,
    0.95685,
    0.9609,
    0.9624,
    0.963,
    0.9648,
    0.9632,
    0.96405,
    0.9662,
    0.9657,
    0.9679,
    0.96835,
    0.97085,
    0.9697,
    0.96995,
    0.96835,
    0.9712,
    0.97245,
    0.97035
  ],
  "val_accuracy": [
    0.7706,
    0.7782,
    0.8356,
    0.8508,
    0.8408,
    0.8906,
    0.9018,
    0.8162,
    0.9034,
    0.8734,
    0.9234,
    0.9088,
    0.9256,
    0.8572,
    0.9344,
    0.9354,
    0.9274,
    0.889,
    0.9398,
    0.8576,
    0.9364,
    0.916,
    0.9404,
    0.9372,
    0.9318,
    0.942,
    0.8508,
    0.9314,
    0.882,
    0.9314,
    0.9162,
    0.9456,
    0.9526,
    0.9464,
    0.9464,
    0.9504,
    0.9184,
    0.9408,
    0.8384,
    0.9542,
    0.9486,
    0.9532,
    0.9568,
    0.946,
    0.9328,
    0.954,
    0.9474,
    0.9556,
    0.9488,
    0.954,
    0.9512,
    0.9496
  ],
  "loss": [
    0.5893840578079224,
    0.4743183668136597,
    0.4154623683929443,
    0.3509357902050018,
    0.3176487188577652,
    0.2915611199736595,
    0.26156442205905917,
    0.2483799708366394,
    0.235034113407135,
    0.22033265154361725,
    0.20571608922481538,
    0.19766734653711318,
    0.18813987828493117,
    0.18299580293893813,
    0.17645130579471588,
    0.16960111382007598,
    0.16380011119246482,
    0.15700046420097352,
    0.1528694763302803,
    0.1491746877551079,
    0.1435457173228264,
    0.1415370983481407,
    0.1438706571817398,
    0.13622224757671356,
    0.12737294635772706,
    0.12710275246500968,
    0.1239628300845623,
    0.117900350522995,
    0.11852268550395965,
    0.11136082288026809,
    0.11082497686743736,
    0.10658950004577637,
    0.10347417122721672,
    0.10501994435191155,
    0.11028709025382996,
    0.09564710462987423,
    0.09601849535107612,
    0.09596619282066822,
    0.08960633988380431,
    0.09309702367186547,
    0.09173408996164799,
    0.08678738506138325,
    0.08419353758692741,
    0.0855090206593275,
    0.07978001975417137,
    0.07681680396795273,
    0.0782970360904932,
    0.07896001500487328,
    0.07958450340926647,
    0.07504819670319557,
    0.07038041858077049,
    0.07508709456175566
  ],
  "val_loss": [
    0.4895963119506836,
    0.47348778762817384,
    0.3820889549255371,
    0.34003451132774354,
    0.36094808950424195,
    0.25868513901233675,
    0.23769803360700606,
    0.4639560785651207,
    0.24129774446487426,
    0.29572714717388154,
    0.1887320666849613,
    0.2255601714849472,
    0.18768343381881714,
    0.34884313848018644,
    0.17410524809360503,
    0.16102635873556137,
    0.18100922226905822,
    0.27984856162667276,
    0.14832626892328263,
    0.40288392371088266,
    0.1642022681236267,
    0.20786628427505494,
    0.14546720209121705,
    0.1624822893857956,
    0.1752347205877304,
    0.15065323370695113,
    0.43938216966986654,
    0.17657352455854416,
    0.3517117125637829,
    0.1812618279695511,
    0.222322971072793,
    0.13842394543886186,
    0.12107550632953644,
    0.12511139246225356,
    0.14456022803783417,
    0.13349398203492166,
    0.2521380899488926,
    0.15731182198673488,
    0.5433446768522262,
    0.11675032910704612,
    0.13223132283687591,
    0.12452569090127945,
    0.10737155472040176,
    0.12952102632522583,
    0.1803221143603325,
    0.1230278417378664,
    0.1736061055585742,
    0.11327922897338867,
    0.1610761897265911,
    0.11300458145141602,
    0.1309595859825611,
    0.14147646001577377
  ]
}