{
  "accuracy": [
    0.4394222222222222,
    0.5746222222222223,
    0.6331111111111111,
    0.6742888888888889,
    0.6972444444444444,
    0.7187333333333333,
    0.7350222222222222,
    0.7480444444444444,
    0.7626888888888889,
    0.7711555555555556,
    0.7817111111111111,
    0.7864,
    0.7986444444444445,
    0.8049555555555555,
    0.8096888888888889,
    0.8152,
    0.8214,
    0.8256666666666667,
    0.8295111111111111,
    0.8334888888888888,
    0.8386444444444444,
    0.8423111111111111,
    0.8485555555555555,
    0.8526,
    0.8519111111111111,
    0.8589111111111111,
    0.8592444444444445,
    0.8632222222222222,
    0.8675111111111111,
    0.8704
  ],
  "val_accuracy": [
    0.4798,
    0.5806,
    0.5498,
    0.6554,
    0.6262,
    0.6884,
    0.7036,
    0.7042,
    0.6632,
    0.6842,
    0.6696,
    0.6774,
    0.7544,
    0.7318,
    0.74,
    0.7544,
    0.7636,
    0.7718,
    0.7514,
    0.7736,
    0.7884,
    0.7208,
    0.7878,
    0.7786,
    0.7544,
    0.783,
    0.7864,
    0.781,
    0.7926,
    0.795
  ],
  "loss": [
    1.5501203229268392,
    1.2045895585166084,
    1.0429889005449082,
    0.9405179212782118,
    0.8764454824341668,
    0.8085836971176995,
    0.7633074180179172,
    0.7291325021107992,
    0.6936975066396925,
    0.662018285396364,
    0.6336469344668918,
    0.6191886179288228,
    0.5883069138579898,
    0.5654462085617913,
    0.5531299460093181,
    0.5350422134929234,
    0.5172754067209032,
    0.5013289354006449,
    0.48549319307539196,
    0.4784219276216295,
    0.4616123874452379,
    0.4495215268452962,
    0.4316241941028171,
    0.42352367736498514,
    0.42050556528038446,
    0.4056495414627923,
    0.4012433614518907,
    0.3902799341943529,
    0.3800155253516303,
    0.37010216585795086
  ],
  "val_loss": [
    1.4423619937896728,
    1.1780300985336303,
    1.3304156845092774,
    0.9759448095321656,
    1.0763631282806396,
    0.8920232667446136,
    0.8376076919555664,
    0.8552494583129883,
    0.9978901569366455,
    0.8968600149154663,
    0.9648810096740723,
    0.9432822282791138,
    0.7248054162979126,
    0.7897248488426208,
    0.7866753559112549,
    0.7106839941024781,
    0.6716974031448364,
    0.6706641777515412,
    0.7529033591747284,
    0.6587407528877258,
    0.6092472039222717,
    0.8599476936340332,
    0.6488249665498733,
    0.6821597421407699,
    0.722566339302063,
    0.6447021345138549,
    0.62837621383667,
    0.6621106169700622,
    0.6033155105113983,
    0.6401456417083741
  ]
}