{
  "accuracy": [
    0.70185,
    0.78455,
    0.82365,
    0.8493,
    0.87105,
    0.87835,
    0.8933,
    0.90265,
    0.90575,
    0.913,
    0.91725,
    0.92225,
    0.92835,
    0.92675,
    0.9282,
    0.93635,
    0.9357,
    0.9379,
    0.9421,
    0.9434,
    0.9423,
    0.94455,
    0.9445,
    0.94785,
    0.94995,
    0.95065,
    0.95325,
    0.9524,
    0.9562,
    0.955
  ],
  "val_accuracy": [
    0.7912,
    0.6676,
    0.684,
    0.7324,
    0.8394,
    0.7008,
    0.7294,
    0.9144,
    0.9102,
    0.8398,
    0.9034,
    0.9288,
    0.8346,
    0.7522,
    0.8984,
    0.9068,
    0.9226,
    0.9048,
    0.9476,
    0.9294,
    0.911,
    0.8808,
    0.9504,
    0.946,
    0.9516,
    0.945,
    0.9316,
    0.94,
    0.9408,
    0.9526
  ],
  "loss": [
    0.5785949474334717,
    0.4692621606349945,
    0.39625868124961855,
    0.3476198137283325,
    0.3054244751930237,
    0.2852885066986084,
    0.2570664821147919,
    0.2371129852771759,
    0.22761294050216674,
    0.2081080994606018,
    0.20537291593551635,
    0.1950464168071747,
    0.18010953204631805,
    0.17816611778736113,
    0.17490869896411895,
    0.16234728093147277,
    0.15852316200733185,
    0.1553003395318985,
    0.1453692130446434,
    0.14515200207233428,
    0.14341388082504272,
    0.1376203012704849,
    0.1395078249812126,
    0.1289251712143421,
    0.12742657025456428,
    0.12370012424588203,
    0.11844736399054527,
    0.12062597053050995,
    0.11039842672348023,
    0.11602888729572296
  ],
  "val_loss": [
    0.4545759340286255,
    0.6709478491783142,
    0.8243923611283303,
    0.6097376337528229,
    0.3813732317686081,
    0.8996129194781184,
    0.6023894173622132,
    0.21001136002540588,
    0.2140184946537018,
    0.3822382704019546,
    0.2328418871164322,
    0.1719837215423584,
    0.37965321974754335,
    0.6955484616994858,
    0.25443408403396606,
    0.22502697899341584,
    0.20425048538148402,
    0.23046497561931611,
    0.13379472591876984,
    0.175066702657938,
    0.21073057067394257,
    0.29910331319570543,
    0.1219709110558033,
    0.13310053931474686,
    0.12412371784448624,
    0.1333053698539734,
    0.1692848452925682,
    0.14982561233341693,
    0.1661861246228218,
    0.12725608874559402
  ]
}