{
  "accuracy": [
    0.6603,
    0.75935,
    0.81895,
    0.86005,
    0.89115,
    0.9068,
    0.9191,
    0.9266,
    0.93325,
    0.9407,
    0.94345,
    0.9463,
    0.94835,
    0.95195,
    0.95375,
    0.9556,
    0.9588,
    0.9591,
    0.96525,
    0.9661,
    0.9645,
    0.96745,
    0.9658,
    0.96815,
    0.96895,
    0.9708,
    0.97065,
    0.9749,
    0.9741,
    0.9759,
    0.9775,
    0.9781,
    0.9802,
    0.97845,
    0.9783,
    0.9816,
    0.98345,
    0.9791,
    0.9796,
    0.9816,
    0.9826,
    0.98325,
    0.98385,
    0.98455,
    0.9848,
    0.9839,
    0.9871,
    0.9865,
    0.98605,
    0.9862,
    0.9865,
    0.9866,
    0.98735,
    0.98795,
    0.9879
  ],
  "val_accuracy": [
    0.6146,
    0.7786,
    0.7356,
    0.8442,
    0.8824,
    0.8644,
    0.8966,
    0.9264,
    0.9092,
    0.9428,
    0.925,
    0.9524,
    0.9274,
    0.9404,
    0.9402,
    0.9418,
    0.9522,
    0.9504,
    0.9376,
    0.9538,
    0.9586,
    0.953,
    0.9438,
    0.9582,
    0.9538,
    0.962,
    0.9594,
    0.9628,
    0.962,
    0.958,
    0.9608,
    0.956,
    0.9562,
    0.9598,
    0.9638,
    0.96,
    0.9652,
    0.9634,
    0.9634,
    0.9628,
    0.9636,
    0.9664,
    0.9628,
    0.9676,
    0.9554,
    0.9694,
    0.9678,
    0.9702,
    0.9658,
    0.9688,
    0.9674,
    0.9664,
    0.9672,
    0.964,
    0.963
  ],
  "loss": [
    0.633062055015564,
    0.49927741317749025,
    0.40134199085235595,
    0.321330320930481,
    0.25191939160823823,
    0.217884800863266,
    0.19269821960926056,
    0.1753287323117256,
    0.1625296540737152,
    0.14286713386774064,
    0.13719374760389327,
    0.12985014474391937,
    0.12421770692169666,
    0.11879401152729988,
    0.11354512565135956,
    0.10545891954302788,
    0.10182026271820069,
    0.09908807502090931,
    0.08929364252090453,
    0.08696287783980369,
    0.08748553650677204,
    0.08120889487862587,
    0.08260021039247513,
    0.07881270687878132,
    0.0742275216177106,
    0.07184480800926685,
    0.07161848641633987,
    0.06564433483183384,
    0.0659709462761879,
    0.06166170504838228,
    0.057390096739679576,
    0.05616502310931683,
    0.054461249040067196,
    0.057338765738159415,
    0.05392205449640751,
    0.04963432503342628,
    0.04388952658548951,
    0.05222556927800179,
    0.04982528854236007,
    0.04549133195206523,
    0.043966752068698406,
    0.043398584336042406,
    0.04091039814502001,
    0.0382590121217072,
    0.040404906559363005,
    0.04187996756266803,
    0.03459477172717452,
    0.0345830604461953,
    0.037101072401553394,
    0.0367036876514554,
    0.03197814511377364,
    0.035092488394677636,
    0.03489931446239352,
    0.031130829394049944,
    0.031232101459801195
  ],
  "val_loss": [
    0.742090911412239,
    0.4698427790641785,
    0.5978973887443543,
    0.3537635862827301,
    0.2720059292078018,
    0.2999706608533859,
    0.2274569350719452,
    0.17304236316680907,
    0.21482364425510167,
    0.14133653211593628,
    0.17784420828819275,
    0.12380381488502025,
    0.19657486062794924,
    0.15127308716773988,
    0.1481023207306862,
    0.146866613727808,
    0.11682020803093911,
    0.12272254927754402,
    0.1702144027709961,
    0.11522726383805275,
    0.10648499054908753,
    0.12012918749963865,
    0.15959955836497247,
    0.10635056251883507,
    0.12182738964557648,
    0.10190498310022522,
    0.10283058673962951,
    0.10429384138062596,
    0.10050925135910511,
    0.11594327085018158,
    0.1043061217945069,
    0.12007103599943221,
    0.1268166815802455,
    0.10313315967619419,
    0.0958102707337588,
    0.11738545398712158,
    0.10694636981934309,
    0.10182032532505692,
    0.0992744968354702,
    0.09754682426452636,
    0.0948802738584578,
    0.09813578879833221,
    0.11408886898104101,
    0.0952804683576338,
    0.11960760957486928,
    0.08432283777743578,
    0.09875058627128601,
    0.08895237657725812,
    0.10221849569869228,
    0.09103424664661289,
    0.10244209259301423,
    0.10123536747917533,
    0.10536749863512813,
    0.09827716295719147,
    0.10604350704060635
  ]
}