{
  "accuracy": [
    0.6263,
    0.68795,
    0.73955,
    0.77365,
    0.80185,
    0.82325,
    0.8489,
    0.87495,
    0.89005,
    0.90705,
    0.9064,
    0.9187,
    0.924,
    0.9281,
    0.93805,
    0.9382,
    0.9441,
    0.94545,
    0.9463,
    0.94935,
    0.95155,
    0.9555,
    0.9567,
    0.9571,
    0.9614,
    0.9614,
    0.96395,
    0.96595,
    0.9671,
    0.96615,
    0.9699,
    0.9697,
    0.97035,
    0.9727,
    0.97125,
    0.9756,
    0.9759,
    0.97535,
    0.978,
    0.9731,
    0.9767,
    0.9796,
    0.9798,
    0.9827,
    0.98115,
    0.9793,
    0.98145,
    0.9809,
    0.9834,
    0.9814,
    0.982,
    0.984,
    0.98615,
    0.9852,
    0.9834,
    0.9849,
    0.986
  ],
  "val_accuracy": [
    0.6784,
    0.6994,
    0.7682,
    0.7954,
    0.6698,
    0.758,
    0.8504,
    0.8864,
    0.8718,
    0.91,
    0.9062,
    0.8902,
    0.9146,
    0.8494,
    0.9256,
    0.926,
    0.9392,
    0.9392,
    0.9378,
    0.892,
    0.9416,
    0.942,
    0.9518,
    0.9496,
    0.95,
    0.926,
    0.9332,
    0.9494,
    0.944,
    0.9552,
    0.9526,
    0.9568,
    0.957,
    0.9492,
    0.9424,
    0.958,
    0.959,
    0.9318,
    0.9566,
    0.9588,
    0.9592,
    0.9614,
    0.9592,
    0.9564,
    0.9606,
    0.951,
    0.9528,
    0.9648,
    0.9552,
    0.9524,
    0.961,
    0.9636,
    0.9656,
    0.9262,
    0.9654,
    0.9618,
    0.9642
  ],
  "loss": [
    0.6721354604721069,
    0.6129095291614532,
    0.5323692975997925,
    0.4783716020107269,
    0.4295617305755615,
    0.39242764530181884,
    0.3404175838470459,
    0.2930512182235718,
    0.2611059227705002,
    0.22131740885972978,
    0.22046655292510986,
    0.1946720566034317,
    0.1814648134112358,
    0.16947684742212296,
    0.15295338951349258,
    0.14991102324724198,
    0.14009589945077897,
    0.13467511057257653,
    0.13136714335680008,
    0.12404503680467606,
    0.11759496719241143,
    0.10969645871520042,
    0.10994465414881706,
    0.10429655413627624,
    0.09616179268956185,
    0.09695699962377548,
    0.09038634660243988,
    0.08839530124068261,
    0.0845169965788722,
    0.08405186578631402,
    0.0769620428338647,
    0.07700803585350513,
    0.07299373168945313,
    0.06845920541137457,
    0.07039284977838398,
    0.06399086574465036,
    0.06304355673193932,
    0.062410112816095355,
    0.056891513440012934,
    0.06648958102762699,
    0.0597157281935215,
    0.05243222909085452,
    0.05293369760364294,
    0.04753442488089204,
    0.05028093594461679,
    0.05433252928406,
    0.047111805837601425,
    0.047398656218498945,
    0.04436358791962266,
    0.046975647363066676,
    0.046074179126787934,
    0.04115737630240619,
    0.0368811036862433,
    0.03953216576911509,
    0.04268591319676489,
    0.04059863182343543,
    0.0380141121622175
  ],
  "val_loss": [
    0.6552849673271179,
    0.5967464318752289,
    0.5058607416629791,
    0.4466705514907837,
    0.7625566073894501,
    0.6294182592391968,
    0.3486701948523521,
    0.2747416425049305,
    0.30861338596343996,
    0.21928597774505615,
    0.2192570146560669,
    0.27627989827394484,
    0.22639398634433747,
    0.4231549366056919,
    0.19302871649116277,
    0.1933620941400528,
    0.14770822429955005,
    0.1566233799815178,
    0.1535568325161934,
    0.3281106395078823,
    0.14034490852952003,
    0.1432844060897827,
    0.12873903135210277,
    0.13910381817221643,
    0.12481653597354889,
    0.19023787174224854,
    0.16368084239959718,
    0.13005977098345756,
    0.14660131975114346,
    0.11090411399826408,
    0.11763448027884588,
    0.10816758519113064,
    0.12165475194454194,
    0.13155994427204132,
    0.1562388348400593,
    0.11258232290893794,
    0.1057595215946436,
    0.16750579758882522,
    0.12254951999783516,
    0.10504973965883255,
    0.11258321486059576,
    0.11098593707829714,
    0.10381771893948316,
    0.11998864199835807,
    0.10554315045922995,
    0.1274083568611648,
    0.151993536545441,
    0.09862590229995549,
    0.13363958636224268,
    0.12318839878290892,
    0.09988964102938772,
    0.11754557441774523,
    0.10304036113009789,
    0.2802321018090472,
    0.09606024033846333,
    0.10608644858598709,
    0.10610363578204415
  ]
}